name,region,url
ABBank,Vietnam,https://abbank.vn
Agribank,Vietnam,https://www.agribank.com.vn
BIDV,Vietnam,https://www.bidv.com.vn
BSC Securities,Vietnam,https://bsc.com.vn
Bao Viet Holdings,Vietnam,https://baoviet.com.vn
Bao Viet Securities,Vietnam,https://bvsc.com.vn
Binh Dien Fertilizer,Vietnam,https://binhdien.com
Binh Minh Plastics,Vietnam,https://www.nhuabinhminh.vn
CMC Corporation,Vietnam,https://www.cmc.com.vn
Camimex Group,Vietnam,https://camimex.com.vn
Century Synthetic Fiber,Vietnam,https://www.theky.vn
Coteccons,Vietnam,https://coteccons.vn
DMC Corporation,Vietnam,https://dmc.com.vn
Dabaco Group,Vietnam,https://www.dabaco.com.vn
Danang Port,Vietnam,https://danangport.com.vn
Digiworld,Vietnam,https://digiworld.com.vn
Domesco,Vietnam,https://domesco.com
Dong Phu Rubber,Vietnam,https://doruco.com.vn
Duc Giang Chemicals,Vietnam,https://ducgiangchem.vn
Elcom,Vietnam,https://www.elcom.com.vn
Eximbank,Vietnam,https://eximbank.com.vn
FPT Corporation,Vietnam,https://fpt.com.vn
FPT Telecom,Vietnam,https://fpt.vn
Gelex Group,Vietnam,https://gelex.vn
HDBank,Vietnam,https://hdbank.com.vn
HPT Vietnam,Vietnam,https://hpt.vn
HSC Securities,Vietnam,https://hsc.com.vn
Ha Tien Cement,Vietnam,https://www.vicemhatien.com.vn
Hai An Transport,Vietnam,https://haiantran.com.vn
Hoa Phat Group,Vietnam,https://www.hoaphat.com.vn
Hoa Sen Group,Vietnam,https://hoasengroup.vn
Khang Dien House,Vietnam,https://www.khangdien.com.vn
Kido Group,Vietnam,https://www.kido.vn
Kienlongbank,Vietnam,https://kienlongbank.com
LIX Detergent,Vietnam,https://lixco.com
LPBank,Vietnam,https://lpbank.com.vn
Loc Troi Group,Vietnam,https://loctroi.vn
MBBank,Vietnam,https://www.mbbank.com.vn
MBS Securities,Vietnam,https://mbs.com.vn
Masan Group,Vietnam,https://www.masangroup.com
Mirae Asset Vietnam,Vietnam,https://masvn.com
Mobile World (MWG),Vietnam,https://mwg.vn
NET Detergent,Vietnam,https://netco.com.vn
Nam Kim Steel,Vietnam,https://namkim.com.vn
Nam Long Group,Vietnam,https://www.namlongvn.com
Navico (Nam Viet),Vietnam,https://navicorp.com.vn
Novaland,Vietnam,https://novaland.com.vn
OCB Bank,Vietnam,https://ocb.com.vn
PAN Group,Vietnam,https://thepangroup.vn
PG Bank,Vietnam,https://pgbank.com.vn
PNJ (Phu Nhuan Jewelry),Vietnam,https://www.pnj.com.vn
PV Gas,Vietnam,https://www.pvgas.com.vn
PV General Services,Vietnam,https://petrovietnam.com.vn
PVFCCo (PV Fertilizer),Vietnam,https://dpm.vn
PVI Holdings,Vietnam,https://pvi.com.vn
Pharmedic,Vietnam,https://pharmedic.com.vn
Phat Dat Real Estate,Vietnam,https://phatdat.com.vn
Phong Phu Corporation,Vietnam,https://phongphucorp.com
Phuoc Hoa Rubber,Vietnam,https://phuochoa.com.vn
Pomina Steel,Vietnam,https://pomina-steel.com
Ree Corporation,Vietnam,https://www.ree.com.vn
SAM Holdings,Vietnam,https://samholdings.com.vn
SMC Trading,Vietnam,https://smc.vn
SSI Securities,Vietnam,https://ssi.com.vn
Sabeco,Vietnam,https://www.sabeco.com.vn
Sacombank,Vietnam,https://sacombank.com.vn
Safi Logistics,Vietnam,https://safi.com.vn
Saigon Cargo Service,Vietnam,https://scsc.vn
Sao Ta Foods,Vietnam,https://fimexvn.com
SeABank,Vietnam,https://seabank.com.vn
Son Ha Group,Vietnam,https://www.sonha.com.vn
Superdong Fast Ferry,Vietnam,https://superdong.com.vn
TCBS,Vietnam,https://tcbs.com.vn
TPBank,Vietnam,https://tpb.vn
Techcombank,Vietnam,https://techcombank.com
Thanh Cong Textile,Vietnam,https://thanhcong.com.vn
Thien Long Group,Vietnam,https://thienlonggroup.com
Tien Phong Plastic,Vietnam,https://nhuatienphong.vn
Transimex,Vietnam,https://transimex.com.vn
Traphaco,Vietnam,https://www.traphaco.com.vn
VIB Bank,Vietnam,https://vib.com.vn
VNDIRECT Securities,Vietnam,https://vndirect.com.vn
VNPT Technology,Vietnam,https://vnpt-technology.vn
VPBank,Vietnam,https://www.vpbank.com.vn
VPS Securities,Vietnam,https://vps.com.vn
Viconship,Vietnam,https://viconship.com
Vicostone,Vietnam,https://vicostone.com
VietBank,Vietnam,https://vietbank.com.vn
Vietcap Securities,Vietnam,https://vietcap.com.vn
Vietcombank,Vietnam,https://www.vietcombank.com.vn
Vietjet Air,Vietnam,https://www.vietjetair.com
Vietnam Airlines,Vietnam,https://www.vietnamairlines.com
Vietnam Rubber Group,Vietnam,https://vrg.vn
Viettel Post,Vietnam,https://viettelpost.com.vn
Viglacera Corporation,Vietnam,https://viglacera.com.vn
Vinafco,Vietnam,https://vinafco.com.vn
Vinamilk,Vietnam,https://www.vinamilk.com.vn
Vingroup,Vietnam,https://www.vingroup.net
Vinh Hoan Corporation,Vietnam,https://vinhhoan.com
Vinhomes,Vietnam,https://vinhomes.vn
ABB,International,https://global.abb
AMD,International,https://www.amd.com
ANZ Group,International,https://www.anz.com
ASML Holding,International,https://www.asml.com
AbbVie,International,https://www.abbvie.com
Abbott Labs,International,https://www.abbott.com
Accenture,International,https://www.accenture.com
Adobe,International,https://www.adobe.com
Air Liquide,International,https://www.airliquide.com
Alibaba Group,International,https://www.alibabagroup.com
Allianz,International,https://www.allianz.com
Alphabet,International,https://abc.xyz
Amazon,International,https://www.amazon.com
Ambev,International,https://www.ambev.com.br
Anglo American,International,https://www.angloamerican.com
Apple,International,https://www.apple.com
Asian Paints,International,https://www.asianpaints.com
AstraZeneca,International,https://www.astrazeneca.com
Atlas Copco,International,https://www.atlascopcogroup.com
Axis Bank,International,https://www.axisbank.com
BAE Systems,International,https://www.baesystems.com
BASF,International,https://www.basf.com
BHP Group,International,https://www.bhp.com
BMW,International,https://www.bmwgroup.com
BNP Paribas,International,https://group.bnpparibas
BP,International,https://www.bp.com
BYD Company,International,https://www.byd.com
Baidu,International,https://www.baidu.com
Bajaj Finance,International,https://www.bajajfinserv.in
Banco Bradesco,International,https://banco.bradesco
Bank of America,International,https://www.bankofamerica.com
Bank of Montreal,International,https://www.bmo.com
Barclays,International,https://www.barclays.com
Bayer,International,https://www.bayer.com
Berkshire Hathaway,International,https://www.berkshirehathaway.com
Bharti Airtel,International,https://www.airtel.in
Bridgestone,International,https://www.bridgestone.com
Broadcom,International,https://www.broadcom.com
Brookfield,International,https://www.brookfield.com
CN Railway,International,https://www.cn.ca
CPKC Railway,International,https://www.cpkcr.com
CSL,International,https://www.csl.com
Canon,International,https://global.canon
Capgemini,International,https://www.capgemini.com
CapitaLand,International,https://www.capitaland.com
Celltrion,International,https://www.celltrion.com
Chevron,International,https://www.chevron.com
Cipla,International,https://www.cipla.com
Cisco Systems,International,https://www.cisco.com
Coca-Cola,International,https://www.coca-colacompany.com
Comcast,International,https://corporate.comcast.com
Commonwealth Bank,International,https://www.commbank.com.au
Compass Group,International,https://www.compass-group.com
Costco,International,https://www.costco.com
DBS Group,International,https://www.dbs.com
Daikin Industries,International,https://www.daikin.com
Danone,International,https://www.danone.com
Dassault Systemes,International,https://www.3ds.com
Deutsche Telekom,International,https://www.telekom.com
Diageo,International,https://www.diageo.com
Dr. Reddy's,International,https://www.drreddys.com
Eletrobras,International,https://eletrobras.com
Eli Lilly,International,https://www.lilly.com
Enbridge,International,https://www.enbridge.com
Enel,International,https://www.enel.com
Ericsson,International,https://www.ericsson.com
ExxonMobil,International,https://www.exxonmobil.com
Fast Retailing,International,https://www.fastretailing.com
Ferrari,International,https://www.ferrari.com
GSK,International,https://www.gsk.com
General Electric,International,https://www.ge.com
Glencore,International,https://www.glencore.com
Grab Holdings,International,https://www.grab.com
HCLTech,International,https://www.hcltech.com
HDFC Bank,International,https://www.hdfcbank.com
HSBC Holdings,International,https://www.hsbc.com
Heineken,International,https://www.theheinekencompany.com
Hindustan Unilever,International,https://www.hul.co.in
Hitachi,International,https://www.hitachi.com
Home Depot,International,https://www.homedepot.com
Honda Motor,International,https://global.honda
Honeywell,International,https://www.honeywell.com
Hyundai Motor,International,https://www.hyundai.com
IBM,International,https://www.ibm.com
ICICI Bank,International,https://www.icicibank.com
ITC Limited,International,https://www.itcportal.com
Inditex,International,https://www.inditex.com
Infineon,International,https://www.infineon.com
Infosys,International,https://www.infosys.com
Intel,International,https://www.intel.com
Intuit,International,https://www.intuit.com
Itau Unibanco,International,https://www.itau.com.br
JD.com,International,https://corporate.jd.com
JPMorgan Chase,International,https://www.jpmorganchase.com
Johnson & Johnson,International,https://www.jnj.com
KB Financial,International,https://www.kbfg.com
Keppel Ltd,International,https://www.keppel.com
Keyence,International,https://www.keyence.com
Kia Corporation,International,https://www.kia.com
L'Oreal,International,https://www.loreal.com
LG Electronics,International,https://www.lg.com
LG Energy Solution,International,https://www.lgensol.com
LVMH,International,https://www.lvmh.com
Larsen & Toubro,International,https://www.larsentoubro.com
Localiza,International,https://www.localiza.com
Macquarie Group,International,https://www.macquarie.com
Maruti Suzuki,International,https://www.marutisuzuki.com
Mastercard,International,https://www.mastercard.com
McDonald's,International,https://www.mcdonalds.com
Meituan,International,https://about.meituan.com
MercadoLibre,International,https://www.mercadolibre.com
Mercedes-Benz,International,https://group.mercedes-benz.com
Merck,International,https://www.merck.com
Meta Platforms,International,https://meta.com
Microsoft,International,https://www.microsoft.com
Mitsubishi Corp,International,https://www.mitsubishicorp.com
Murata Manufacturing,International,https://www.murata.com
NAB Bank,International,https://www.nab.com.au
NVIDIA,International,https://www.nvidia.com
National Grid,International,https://www.nationalgrid.com
Nestle,International,https://www.nestle.com
NetEase,International,https://www.netease.com
Netflix,International,https://www.netflix.com
Nintendo,International,https://www.nintendo.com
Nokia,International,https://www.nokia.com
Novartis,International,https://www.novartis.com
Novo Nordisk,International,https://www.novonordisk.com
Nu Holdings,International,https://nubank.com.br
OCBC Bank,International,https://www.ocbc.com
Oracle,International,https://www.oracle.com
POSCO Holdings,International,https://www.posco-inc.com
Panasonic,International,https://holdings.panasonic
PepsiCo,International,https://www.pepsico.com
Petrobras,International,https://petrobras.com.br
Pfizer,International,https://www.pfizer.com
Procter & Gamble,International,https://pg.com
Prudential,International,https://www.prudentialplc.com
Qualcomm,International,https://www.qualcomm.com
RBC Bank,International,https://www.rbc.com
Recruit Holdings,International,https://recruit-holdings.com
Reliance Industries,International,https://www.ril.com
Relx,International,https://www.relx.com
Rio Tinto,International,https://www.riotinto.com
Roche,International,https://www.roche.com
Rolls-Royce,International,https://www.rolls-royce.com
SAP,International,https://www.sap.com
SK Hynix,International,https://www.skhynix.com
STMicroelectronics,International,https://www.st.com
Salesforce,International,https://www.salesforce.com
Samsung Biologics,International,https://samsungbiologics.com
Samsung Electronics,International,https://www.samsung.com
Sanofi,International,https://www.sanofi.com
Schneider Electric,International,https://www.se.com
Scotiabank,International,https://www.scotiabank.com
Sea Limited,International,https://www.sea.com
Sembcorp,International,https://www.sembcorp.com
Shell,International,https://www.shell.com
Shin-Etsu Chemical,International,https://www.shinetsu.co.jp
Shinhan Financial,International,https://www.shinhangroup.com
Shopify,International,https://www.shopify.com
Siemens,International,https://www.siemens.com
Singtel,International,https://www.singtel.com
SoftBank Group,International,https://group.softbank
Sony Group,International,https://www.sony.com
Standard Chartered,International,https://www.sc.com
Stellantis,International,https://www.stellantis.com
Sun Pharma,International,https://sunpharma.com
TC Energy,International,https://www.tcenergy.com
TCS,International,https://www.tcs.com
TD Bank,International,https://www.td.com
TSMC,International,https://www.tsmc.com
Takeda Pharma,International,https://www.takeda.com
Tech Mahindra,International,https://www.techmahindra.com
Tencent,International,https://www.tencent.com
Tesla,International,https://www.tesla.com
Texas Instruments,International,https://www.ti.com
Thermo Fisher,International,https://www.thermofisher.com
Titan Company,International,https://www.titancompany.in
Tokyo Electron,International,https://www.tel.com
Total Energies,International,https://totalenergies.com
TotalEnergies,International,https://totalenergies.com
Toyota Motor,International,https://global.toyota
UBS Group,International,https://www.ubs.com
UOB,International,https://www.uobgroup.com
Unilever,International,https://www.unilever.com
Union Pacific,International,https://www.up.com
Universal Music,International,https://www.universalmusic.com
Vale,International,https://www.vale.com
Verizon,International,https://www.verizon.com
Visa,International,https://www.visa.com
Volvo Group,International,https://www.volvogroup.com
WEG,International,https://www.weg.net
Walmart,International,https://www.walmart.com
Wesfarmers,International,https://www.wesfarmers.com.au
Westpac,International,https://www.westpac.com.au
Wilmar International,International,https://www.wilmar-international.com
Wipro,International,https://www.wipro.com
Woodside Energy,International,https://www.woodside.com
Woolworths Group,International,https://www.woolworthsgroup.com.au
Xiaomi,International,https://www.mi.com
Zurich Insurance,International,https://www.zurich.com
